rank,track_name,artist_names,uri,streams
1,Đừng Làm Trái Tim Anh Đau,Sơn Tùng M-TP,spotify:track:1AbCdEfGhIjKlMnOpQrStU,4521000
2,Thiên Lý Ơi,Jack - J97,spotify:track:2BcDeFgHiJkLmNoPqRsTuV,3892000
3,Ngày Đầu Tiên,Đức Phúc,spotify:track:3CdEfGhIjKlMnOpQrStUvW,2954000
4,Từng Là,Vũ Cát Tường,spotify:track:4DeFgHiJkLmNoPqRsTuVwX,2810000
5,Cắt Đôi Nỗi Sầu,Tăng Duy Tân,spotify:track:5EfGhIjKlMnOpQrStUvWxY,2650000
6,Sau Lời Từ Khước,Phan Mạnh Quỳnh,spotify:track:6FgHiJkLmNoPqRsTuVwXyZ,2450000
7,Chịu Cách Mình Nói Thua,Rhyder, Ban, CoolKid,spotify:track:7GhIjKlMnOpQrStUvWxYzA,2310000
8,Hào Quang,Rhyder, Pháp Kiều, Dương Domic,spotify:track:8HiJkLmNoPqRsTuVwXyZaB,2205000
9,Tràn Bộ Nhớ,Dương Domic,spotify:track:9IjKlMnOpQrStUvWxYzaBc,2140000
10,Catch Me If You Can,Quang Hùng MasterD, Quang Anh Rhyder, Negav, Pháp Kiều,spotify:track:10JkLmNoPqRsTuVwXyZaBcd,2010000
11,Bình Yên,Vũ., Binz,spotify:track:11KlMnOpQrStUvWxYzaBcde,1950000
12,Không Ra Gì,Trúc Nhân,spotify:track:12LmNoPqRsTuVwXyZaBcdef,1880000
13,Nâng Chén Tiêu Sầu,Bích Phương,spotify:track:13MnOpQrStUvWxYzaBcdefg,1750000
14,Kim Phút Kim Giờ,HIEUTHUHAI, HURRYKNG, Isaac, Pháp Kiều, Negav,spotify:track:14NoPqRsTuVwXyZaBcdefgh,1690000
15,Ngáo Ngơ,HIEUTHUHAI, Atus, JSol, ERIK, Orange,spotify:track:15OpQrStUvWxYzaBcdefghi,1620000
16,Walk,HIEUTHUHAI, Low G,spotify:track:16PqRsTuVwXyZaBcdefghij,1580000
17,Không Thể Say,HIEUTHUHAI,spotify:track:17QrStUvWxYzaBcdefghijk,1510000
18,Tình Đầu Quá Chén,Anh Trai Say Hi, Quang Hùng MasterD, Negav, Pháp Kiều, ERIK,spotify:track:18RsTuVwXyZaBcdefghijkl,1470000
19,Bao Tiền Một Mớ Bình Yên?,14 Casper, Bon Nghiêm,spotify:track:19StUvWxYzaBcdefghijklm,1410000
20,Dù Cho Tận Thế,ERIK,spotify:track:20TuVwXyZaBcdefghijklmn,1350000
